input,output
praise name hope his health issues have gotten better dude should be on a contender right now ,happy
aww thank you thats very sweet,happy
dont care have fun got better things to do,happy
yeah i just visited there and it seems more disordered than this sub strange,happy
heres hoping,happy
kinda both they maintain a pinup section in their newspaper bizarrely enough not like any of the credible newspapers in the province ever needed that,neutral
what everyone thinks until they see what houses out here cost ,neutral
many friends are like this,neutral
surprised greece doesnt see name as their own i mean hes not from greece but still greek,neutral
great start to the postallstar game part of the campaign,happy
i love this hopefully it is more successful than name rip,happy
urnyman is that you,neutral
keep trying  ive just had a look and enjoyed the ones of yours i read,happy
fun fact there are only  billionaires in the world,happy
utah is a beautiful state ill give you that i spent a week at bear lake and it was pretty amazing,happy
tl dr  take the abuse squirming only gets them off more,sad
you should have asked this question  years ago sadly ,sad
her section at the tate museum is amazing,happy
because you arent serious youre just mad because you got told to stop using slurs one too many times,sad
name way of doing things is straight trash for name lol the latter end of the competition being bottom is a default sometimes,happy
thanks for that never really investigated mechanism of it seems to be familial as father has it too otherwise normal,happy
those are literally the only possibilities,neutral
this is the first person australia has tried to do this to,neutral
name is honestly really badass and he has a great design i hope they give him something good to do in ,happy
searching is fun and finding and learning all the spawns is satisfying,happy
come to somerset quite a few women are cricket crazy because everybody is cricket crazy here its weird ,happy
i love how youre making an assumption to try and make a point,happy
people underrate beal and overrate jv here,neutral
no not really i knew he was joking i was just clarifying what the bloke said,happy
she already is the darling that wta so badly needed with the talent to back,sad
wow a relevant and amusing garfield comic,happy
i didnt see it either i feel like the kid at the birthday party that didnt get a piece of cake,sad
he absolutely loves it,happy
this is the worst meme format in the history of meme formats maybe ever,sad
yes she lost more,happy
please explain how this is stupid,sad
the shocking thing about this all is that she seems to be british born id expect this from immigrants not those born in the uk,neutral
sorry i phrased that wrong i meant that as a asexual i get that a lot,sad
the button was amazingly fun by far my favourite reddit memory,happy
millennial here have a few motorcycles none of them harleys i do not like overpriced unreliable and bad performing vehicles ,sad
now excuse me while i go home with my briefcases full of money from alcohol and tobacco companies,neutral
yessss the schtick with cameras never failed to delight,happy
i love the aunt hope she doesnt back down,happy
so odd numbers one way even the other not too hard to figure out would make more sense if they were just in numerical order ,neutral
you seem to have only participated in this thread to insult me what a shocker,neutral
time is a great equalizer so is deathbut yeah lets not go there we like things to stay alive,neutral
its indicating his uncles death wasnt a accident and he died for a specific reason such as conspiracy,neutral
this is lovely didnt expect the end,happy
they definitely do they wouldnt play something else then,neutral
no lie his jumpshot is pretty if he can hit those x more ingame oh my god name for name straight up,happy
mine is woman by name  i get the chills when i hear that song maybe it is a hymn,neutral
only ever attracted to other non binaries homo simply means same so for a nonbinary same would mean nonbinary,neutral
thats quite a lot worse tbh,sad
i love the views from red road great photo,happy
name one of the most horrifying stories ive ever heard of the mom should be in psychiatric care and the doctor thrown in jail imo,sad
voted threw a couple of my other favorites in there too thanks for the heads up,happy
unfortunately successful and rich people blame foreigners too ,sad
its a disgusting mix of mayonnaise ketchup and pickle relish,sad
its better with sound when i first watched it i cried laughing for  mins,happy
name snap me good baby,neutral
your welcome a simple thank you wouldve sufficed didnt need the longwinded response rchoosingbeggars,happy
youre nicer than me i would have let them get towed,happy
lmao i hope almost seems like it just vanished if someone who likes xans finds my wallet theyre in for a good day,happy
hmm i didnt notice that change  will pay attention ,neutral
i give  percent odds that name will be reelected and i think it will be at a much higher margin than ,happy
i think the best way to think of the age is that name is  name is  and name is ,neutral
the kind look on his face certainly helps,happy
she threatened to hurt you i would file a police report,sad
every right requires someone elses labor the whole    rights thing is a stupid argument,sad
part of me want to see the rest but the other part of me realises hes probably cold,neutral
i think she was trying to demonstrate that such solutions are practical even if politically difficult but it was a sloppy analogy,neutral
out of everyone why ac,neutral
i have the paraguard its the nonhormonal copper iud and its good for  years once inserted,neutral
yup ive been healthier since the new year finally smh,happy
this is a family friendly sub please dont say the mccword,happy
we live in a completely different world than the s and s now,neutral
damn we need to get this idea to name ,neutral
not a good couple hours a full  days,sad
ayy the bottom one is mine,neutral
happy to help,happy
i can actually read it easily now good work,happy
yeah lol  of women are sexually assaulted in religion countries maybe ,happy
i challenge all liberals reading this to find me one ounce of constitutional evidence that name should be impeached,neutral
then who is it ive mixed results with all fighters but i definitely lose to name the most,neutral
i like being bad it makes me happy,happy
that sounds fun,happy
its fucking incredible how many people would like you if you would just make eye contact and smile at them fucking incredible,happy
is there some scripture you could quote me id like to read up on it just to be sure for myself,happy
the itching probably happens when your skin vibrates from the brush,happy
you actually seem like an abusive alt yourself,neutral
very well said i am no fan of pinkers everything is awesome narrative of the modern world either,happy
name name name name and one of name or name but im pretty sure all of name is under contract forever if that matters,neutral
glad he didnt try to backpedal about his feelings they are valid and he has a right to have them,happy
if i may ask what was the deal breaker for you did you stay in contact after the breakup how much time did you need to heal,neutral
also the fishing has been terrible for a month now i am about to take the  story jump my friends,sad
name ive smoked for  years really is time to quit,neutral
unfortunately on the stupid official reddit mobile app it doesnt work i miss my android and reddit is fun app,sad
i never had that problem,neutral
i am shocked shocked i tell you,neutral
apartheid would mean full israeli control of the west bank and gaza plus revoking voting rights for israeli name be careful what you wish for,neutral
i really want to see us use the second first rounder or the second rounder on a receiver if name goes down we would be absolutely screwed,neutral
have you ever heard of occams razor,neutral
of course and dont think for a second we dont know who this really is name,neutral
theyre not likes you fucking moron,sad
yeah their passes are crazy,happy
yeah lol like im cool with signingdrafting dl but pls not in the first like  rounds lol much less at ,happy
now i dont blame name for his way of thinking people like this wtf,sad
whatd he say,neutral
is your face chubby but not too chubby,neutral
happy cake day,happy
thank you apparently simply stating its from a comic called supply side jesus wasnt pedantic enough for that guy,happy
you know damn well theyd say narudo and assault on titan ,neutral
it was skeletor beast man was dunk,neutral
alanonorg i promise you will find the freedom you so desperately want inalanon,neutral
so thats how he got the room for that backhanded top  nhl goal,neutral
waitwhaaa d,neutral
i hope you can be saved one day bless you,happy
how often are parents like that im legit curious,neutral
getting upset and triggered over a hat is absolutely failed moral character and a sign of deep immaturity ,sad
dont worry looking for it there isnt any porn tabhidden message,happy
similar but i dont think identical to this,neutral
the dress was trailer trash appropriate did he just run out of money for a good dress i mean  black undies,neutral
i cant imagine its going to be easy to come to the realization that your parents murdered your brother,neutral
they will sell us the ropes and all that quoting a mass murderer who especially targeted democratic socialists on the subject of preparing mass murder,neutral
man hour would be the bees knees for me ,neutral
oh my name,neutral
worst president ever,sad
id prefer her as an actual character,happy
agreed  from a team who made bowls at  twice in the past  years we didnt deserve either of those,happy
happy birthday name hope you have a wonderful day,happy
well if you are gonna put it that way i guess i dont have much of a choice,sad
light the beacons,neutral
nice tip im gonna wakeup fast against name name etc now ,happy
its so freaky im a  something and the stock photos and really odd taglines are just baffling to me,happy
he must hate you,sad
i think this is what inspired name,happy
has the face of someone that had one too many pain pills for breakfast,neutral
absolutely nothing lol,happy
dang something actually useful rather than a skin we wont use cuz we already have belzebub,happy
well you find a love for glue cat food and whoores you life is gonna go places ,neutral
wow thanks for the explanation its been like  hours and still looks like this,happy
that depends on the area for a lot places they would need a warrant first,neutral
not at all i wasnt offended in the least thanks for the promotion,happy
unblockable feint dodge light beats a roll on reaction to the unblockable,neutral
what do you mean by gaps,neutral
i should have at your list that i only hope he gets elected,neutral
just got back from twc and they were great thank you  they were fried will try these others next ,happy
my friend on ps said that if you dont stay to kill the bear you cant kill it,sad
online gaming is toxic if those cuts were ever tapped there would be lots of people in jail,sad
say what i dont get the joke  is that the founder of the mlm are you talking sexually or financially railed,neutral
i cant translate s to texan speak well and forgot so my apologies yall ,sad
name is such a legendary daddy ,neutral
didnt canada have more guns per capita then usa i think i saw that in bowling for columbine but name seem pretty chill about it,neutral
keep everything well hydrated,neutral
dont worry about it i meant what i said thank you really,happy
 dont be so stupid terrorism is inherently political religion is just one of the tools used to carry it out ,sad
well this hurt tonight but it could have been worse plus the bears choked lol offset the hurt a bit,happy
 if you dont wear brown and orangeyou dont matter we need a tshirt with that on it asap ,sad
how would that fix the problem in this case,neutral
forever this,neutral
maybe were on a secret real life version of dinner for schmucks,neutral
no we dont a small amount is imported into ontario the rest of canada is long or balanced,sad
exactly not only is it incredibly important but its incredibly fun as well ,happy
sexy teeth,happy
i wouldnt worry most united fans have never even been to manchester ,sad
oh so thats what you are into huh,neutral
you got more upvotes now you are beating me,neutral
dude that was in like october abandon all hope,sad
thanks for the info i was thinking the same,happy
haha thank you,happy
also on my phone this didnt show up as a cross post sorry,sad
asking the right questions you cant do that on reddit tho,neutral
hed be a homewrecker if he slept with the guy calling out the married dudes behaviour isnt home wrecking,neutral
wow did u say yes,neutral
dude an older woman will eat you for lunch and wonder whos handing her the toothpick and handling the entree order,neutral
obviously you are femboys are always the cutest people furs to meet,neutral
could be between name and name based on twitter followers,neutral
i wonder if we will get to actually see the demise of their relationship i doubt they will do it on the show though,neutral
oooff i really hope this doesnt happen ,happy
really hope the best for him couldnt stay here but hoping he keeps that girl far away from him and gets it together,happy
it is possible to be a shitbag and also suffer the unfair competition of organized conglomerates of shitbags besides op wasnt referring to all independent farmers,neutral
missed it by  minutes,sad
fuck is exactly what shes good for,happy
muppet nice not obscene insult thanks,happy
women in the modern world know how to fight these weasels we need many more women in positions of power,happy
yes what the fuck is going on here,sad
i can see that,neutral
if i have to watch canada lose in a shootout im gonna lose it,sad
beast milk my favourite,happy
you dirty scavenger,sad
that looks like you need to go to the hospital asap or youll lose a limb and possibly more,happy
youre gross,sad
 i know plenty of religioussemireligious name who are not name in practice or belief what term do they use to identify themselves as though,neutral
shes still living rent free inside your head if youre looking her up edit thanks for the gold kind redditor tehehehehehehe ,happy
i like name,happy
are you high people go for walks while wearing clothing all the time its when you go without the clothes that you run into problems,happy
could you live upstate maybe take the truck home with you and live close to the pick up terminal,neutral
yeah in this case the difference between  and  is about  years ,neutral
theres not really any structure or composition to this the color scheme is tight but its just kind of thrown on there without any direction,neutral
i believe in traditional gender use in language,happy
im intrigued,neutral
nobodys mad at incels for being in pain were mad at them for letting that pain calcify into hate,neutral
call them out all you want begging for state intervention is where i draw the line,neutral
theres a big difference between being against ones hateful political position and between harassing someone for his ethnicity,sad
thank you for your advice,happy
upvote for introducing me to a new subreddit,neutral
true dat im an afc guy but im even more an afc west guy send the name home chefs,happy
there is no left philange,neutral
ouch those geriatric insults are the most spot on arent they that and during my peds rotation,neutral
will we see name as pm before that we shall see,neutral
thats an amazing photo thanks for sharing,happy
no because to them this disabled boy is faceless its easier to digest our hate and vitriol without thinking about it,sad
the name finger wag was sexy as hell,happy
thank you for this reply you actually made me feel a bit better about the whole thing now ,happy
 name has come down with a terrible sickness which caused him to deactivate his twitter account jeez sicknesses these days get worse and worse ,sad
as fun as that sounds please just call the police,happy
very cute,happy
this is exactly what its been like i feel personally victimised by it all,sad
have a good evening thank you,happy
its a really fun game and is a great way to hang out with friends hope you have fun,happy
i noticed this while watching it and cracked up it was so cringey it was after they watched their wedding montages,sad
gotchu lol in that case sorry you got downvoted to hell for this lol,happy
why not both go undercover in both senses,neutral
that comment reads like something out of a circlejerk sub i cant believe it was said unironically,sad
and publicly claimed he banged name,neutral
i think i can agree with you here i kinda forgot about the military,happy
she better nobody else will,happy
i didnt say do it for the children but i understand if reading isnt a strong suit for you,sad
fun fact that i learned not too long ago name did the voice over for name during the indeed era of kaientai ,neutral
good luck dont get discouraged you can do it,happy
he seems like the most genuine dude im so happy to have him as our coach,happy
forget every single acronym and buzz word from trp never think using that terminology,neutral
and this video has been around more than name,neutral
name b name b the real reason to vote these  to these tiers is because having name be the only a tier performer is a goodmeme,happy
yeah agreed its great to see,happy
this guys an idiot lol,happy
i agree you can support a cop getting some pushback from a prole without supporting the one doing said pushback,happy
iirc its definitely darker than name but here its almost the same color,neutral
you are an awesome partner,happy
as a jeep driver i constantly have to remind other jeep drivers that wdawd only makes a difference when driving everyone has wheel stop,neutral
bahaha love it these additions are pretty sweet glucose guardian has the best ring to it though ,happy
rats thanks anyway go tartans,happy
why do you keep failing is there a particular part you can practice on or just nerves,neutral
you have to spit into a plastic vial it would take some decent effort to pull that off,neutral
my friends that were badly injured from the first fight read my backstory comment,sad
smile maliciously make her wonder what youre up to,neutral
name was horrid for us,sad
i love that show that theme song is my ringtone i never thought id see that anywhere else haha,happy
the fact that you got a kill with the auger is impressive enoughheres an upvote,happy
shame,neutral
grandma is bad at math,sad
keep branching out guys,neutral
he got it from his moma,happy
i agree verbatim,happy
good luck with that one,happy
you can cancel his single orb shot with melee too great for close range as discord headshotmelee is a shitload of damage,neutral
i wish i could  tried,neutral
thank you limbretrievalbot ,happy
just out of curiosity are you in the military,neutral
i have seen what some of the mras look like,neutral
brutal piece,neutral
shucci a lil bitch,sad
true as it can be,neutral
uwfdddfs said  youre funny youre shilly,happy
forthwith this group will remain unnamed verily so that we might avoid bringing ire upon ourselves for a simple observation,happy
if you want to live the dream good luck i wont change my mind until i get my stolen eth back from them ,happy
venezuela has uniquely terrible oil,sad
she could have handed him her phone and said fine you try it ,neutral
even if he plays bottom pairing his hockey iq should help the team at least thats my hope,happy
bruh is trash and has been for a long long time yall won congrats see you in death valley,sad
nope she meets up with robb en route to the twins and he sends her back to riverrun to not spite the freys little did he know,neutral
how dare anybody criticize your post in the context of your post history recognize his privilege people,sad
and now her mask is on make up yer mind,neutral
im gonna ride a shark to work,neutral
sigh just take it ,happy
oh god imagine losing to toronto in the cup final you would spent the rest of your life hearing about it,neutral
it will be too late by then,neutral
name shoots  but shakes his legs around after dunking like hes doing something this game,neutral
because hes an antiscience fool like other irrational environmentalists,sad
at least you can skip it,happy
name in richardson gets my love,happy
lol u wot m,happy
there are far more bad ones than good ones stepparents that treat their stepchildren as their own are noteworthy for a reason,neutral
how i wish i was there rn,neutral
name loves rui too afterall,neutral
thank you so much for your kind words i didnt think anyone would take the effort ,happy
just a suggestion,neutral
put some respect on the name of my boy name,neutral
one of the most reasonable comments ive ever read on the site sad right salute to you,happy
i love your grandma good for you for not just giving in,happy
stay away from her kids name,sad
apparenlty a lawyer sending incriminating text message to a paralegal this has to be really bad lawyer,sad
some people have no shame or sense of selfworth its sad,sad
market  capitalism just because something operates within the capitalist system doesnt make it capitalist just because name was supposedly elected didnt make him democratic,sad
who is telling you looks dont matter at all your grandmothers,neutral
love frank and moody together,happy
damn i got a notif from a very cute friend saying no u on discord right before i saw this,sad
dont worry neither have i,neutral
nope it doesnt matter how stupid you were being,sad
niemi is absolutely amazing tonight,happy
they dont care even if that involves bringing any idiot in regardless what they tag along and other tenants have to suffer until or if they move,neutral
unrelated but happy cake day,happy
far from it name me one player thats ever left ny that we wanted to retain ill wait,neutral
is pleading the th even legal i mean people should be forced to defend themselves even from erroneous claims,neutral
well new years eve people can hit it with some luck in my area haha,happy
what a combo of food,happy
how did name just give that beatdown to attach the other player was so far away,neutral
omg creepy,sad
thank you name,happy
nah its still funny i think it would be less funny if it was my country tho ,happy
the real power move is to write have a nice day even if you lose,neutral
sammy hagar dr  hell yeah brother sammy hagar sammy hagar sammy sammy hagar hagar,neutral
this is an excellently written response thank you for offering her your support ,happy
lmao thats actually pretty good,happy
thank you name i really like how youve summed up your own soft theist position ,happy
after reading a lot of replies you should bee ashamed of yourself this thread is a hive of bad puns and references,sad
was broken up with still live together  months later and probably will for another month studio apartment  bed,neutral
this is a good point thanks ,happy
its not about claiming its yours its just about where it is from,neutral
yeah i heard that in my head aswell doing the last argument and found myself back here posting ,neutral
ah ok i figured i was getting it wrong,happy
i know it sucks and it isnt like its a new perk multiple swf probably all have it by now,happy
name there are somany but my favorite are hold you in my arms  name dont forget me  way out west name  name ,happy
yes ,neutral
hm i just saw a kid steal a string from his kitty,neutral
im not sure what to make of any of this but stay strong friend youll get through this eventually,happy
hang on is that allowed geez that guy seemed really angry,sad
i wish the opt out of redesign button actually worked ,neutral
awesome just got to see this sunrise from the air flying to sea this morning ,happy
then im sorry but this game really isnt for you progression like that would ruin the base of what this game is,sad
i understand now thank you for your thorough explanation,happy
im happy however those two dont get a ring would be overjoyed if it was at the hands of name name and name,happy
ahhhhhhh the fine talent and craftsmanship of cnn,happy
you forgot some hyper text transfer protocols there buddy,neutral
spurs getting carried away now fouling their own players,neutral
this probably not a good file to keep on your phone if you are accessing this from within,sad
your wife has beautiful nails,happy
funny enough there is a five guys i dont think the government knows its american,happy
that sub sounds boring as fuck,sad
is it really up to ,neutral
gorgeous we headed to the bob hall pier to watch it on the beach,happy
greetings from singapore anyone looking to play please come find us at our discord ,neutral
i think theyre getting desperate from all of us cord cutters converting everyone to hulu,neutral
this interview has so much gold in it the wreck it ralph bit is my favourite,happy
its pretty stupid honestly name clearly pointed a bug and people are saying oh its a feature seriously now,sad
wow i never really understood how bad the star wars perecuelse really are till this moment,neutral
lol i know right,happy
name hated religions name was religion,neutral
i loved name as a little kid but i wanted jeans powers but i couldnt stand how goodie goodie her and name were,happy
this is so aesthetically pleasing wow and yum,neutral
it would be nearly impossible to get to the point of being immobilebedbound without someone enabling you hand and foot,sad
insurance covers stupidity so maybe theyd cover it ,sad
organs are literal superfoods and it weirds me out there hasnt been some fad diet with them yet,sad
i would be creeped out,sad
please care to enlighten me  i feel the same way as op and im desperately wanting a way out,happy
poor guy ,neutral
i got that feeling as well hoping he retires a jet we are the one org that embraced him he was coaching sam every step,sad
looks like i found my wifes account,neutral
and they are really annoying we made first contact  years ago and theyre still sending us terrible minion memes,sad
wow thats weird im too used to that age group complaining about kids these days thanks for sharing,happy
i actually did have a girl a few towns away in a different school and no one knew her no one believed me at first ,sad
this droid has a bad motivator,sad
i think we should get married,neutral
i think you misunderstood me i wanted to say that it was beyond stupid ,sad
i have run into a few clients when i was out doing stuff sometimes i would run away unless they were cool,neutral
all hes getting from that experience is the opportunity to pay a fine to the gubment,neutral
any amount of name is too much name lol,happy
name and name funny thing is they both had a feud too and were in the ring at same time a lot,neutral
waiting to see angry pedos or whatever they call themselves thinking this is fact and melting down over at td,neutral
goodbye my tank commander,neutral
haha my apologies,happy
its a bitter cycle,sad
not sure if this has been asked but is autism a result of not having a filter apologies if i offend,neutral
which is exactly the point capt obvious,neutral
unfortunately residency is never allowed where i am at the moment,neutral
ill try thank you,happy
big shout out to name,neutral
you really went in to detail and with valid points  ,happy
or its awesome it looks so nice out with the sunshine and all the new snow,happy
oh name,neutral
haha i have a depression playlist  years in the making love gorrilaz and rip x,happy
as a former smoker i would support it smoking is awful,happy
soon to be ex,neutral
one time my old teacher made our entire country leave the european unionthanks mr name,happy
people said i was stupid for stretching out my lobe so far that it ripped well whos stupid now,sad
petey ot name lets go hockey gods cannot forsake us this much,neutral
except they call him he doesnt go to their campuses and try to pick off the weak,neutral
roll a blunt walk over and strike a conversation or mind your fcking business,sad
were one in the same,happy
ill tell them how i feel libgen,neutral
puddle more like pothole ironic it looks like nj,neutral
and suddenly the uk join doesnt look so bad,happy
name has filled a speech bubble with savage roasts froze it and bashed name over the head with it name has fucking died,sad
thats really sad and shocking to hear this really embarrassed to be a human being on this earth,sad
wheres my thank you for that flair hm this is theft,happy
bro we were all aasim at that moment,neutral
this is the scariest thing i think ive ever read on here that is just so horrible,sad
this is super cute i love it,happy
i only buy venus razors in solidarity with women everywhere why should i get to make more and spend less on razors,neutral
i feel like name would have laughed at it though it was a oneliner i thought it was funny,happy
dudes karma is  lol,happy
 neoprene kayaking gloves thanks will check them out,happy
sounds exactly how it is  you dont want a relationship with this girl its pretty cut and dry,neutral
im sorry that im only able to give a single upvote for this wonderful graphic and accurate visualization,happy
name is the only reason this is a close game,neutral
cool post i just wish the game had more enemies besides just the spartan and athens army like harpies giant snakes something like that ,neutral
sorry my fellow youngsters were illiterate,neutral
heard sale players yelling at the refs and nothing has come of it seems odd to suddenly have an issue with it,sad
good to hear  i am glad you at least have that choice,happy
car just saw a chance to escape car took the chance,neutral
dude was posting about the score asin are you kidding me we lost to the kings at home on a last second shot,sad
lol this lasted long,happy
throw them for a real loop and make them confused were not related just twins,neutral
all the scumbags around everywhere sucks that its so easy to use for a lot of other things,neutral
both are on the right though,happy
what no way i thought ragnarok mobile was a pretty small game holy shit,neutral
lente otherwise a great song theme song to my varsity years ,happy
did he lose a bet or something edit it took longer than it should have for me to realize that it was a mashup of different dudes,neutral
better my child on death row than lawtistic,neutral
ah i love when im looking at a random thread and find you in the comments hey name,happy
it certainly reeks of the same kind of scam,neutral
keeping his mouth shut after cheerleading for the dictatorship thats the least the scumbag can do,sad
i made a post about a month ago saying name was trash and it got over  downvotes,sad
i mean i guess your prostate is healthy right,neutral
well i mean this game is so stupid in a lot of ways tbh,sad
i mean ilb is a huge hole for this team why not protect any prospect but well keep name and name,neutral
i know my dealer was doing bumps off his hand have some class,neutral
i flew off the handle and thats my bad,sad
except  out of the  tribes were in support of the pipeline dont let facts get in the way of your narrative though,neutral
id say sprite as chaser,neutral
the homestead crater is fun i also like the crystal hot springs,happy
i mean they still managed to say name,neutral
thank you for the link im going to post their also,happy
name clan needs some fucking therapy,sad
ball dont lie,sad
name  truck union  official music video,neutral
doesnt change the fact that the lions werent in a position to get him because they had too much money tied up in their qb,neutral
honest to name make it stop its old news at this point omg,sad
that was name not slacked,neutral
your response is truly one of the most amazing ones ive seen,happy
epic didnt take the rights skybound chose to work with them blame skybound not epic,sad
name what a time to be alive,neutral
im from michigan people who idolize between uom and msu get extreme,neutral
blue cheese is about as close as my lips and tongue are going to come to pronouncing that lol,happy
i wonder why youre sitting at  for that comment very strange,neutral
people deleting and stop caring is the reason why artifact is under k players,sad
the name of horror,sad
consider this a digital hug not too long not too short just enough to make you feel a human connection and some comfort ,happy
well two other close testers are really upset about rolling,sad
if you wanted my honest opinion you seem to be a shallow person but thats just you and theres nothing wrong with that,neutral
yeah they look very buff,neutral
of moms give birth by  about  of women are childless please lol some more,happy
this is maybe the lamest way you can say that,sad
to bad your mother didnt swallow your dumbass,sad
aww that makes me happy,happy
wow he is ugly,sad
cant even put on dress pants now without turning back and checking for my parents,sad
and still our government is not responsible enough to pay its bills its rather pathetic,sad
this is love ,happy
im with you,happy
im crying their faces ,happy
that literally doesnt even look like her omg,neutral
a chameleon,neutral
great thanks just wanted to be prepared in case of ot or something,happy
its fascinating how each language originated isnt it but the how it happened is beyond my scopeso i dont dwell much upon it,neutral
hi somebody im dad,neutral
protecting the border is selfdefense its not really a selfish thing to do,neutral
for those interested in the reference,neutral
you realize everyone sees you reeeeeeing all over the place right you can act nonchalant all you want but obviously youre one salty sea dog,sad
doesnt change the fact that they shadowbanned a subreddit just because you think its stupid doesnt make that ok,sad
hes played the best ball of his life the past few weeks didnt see this coming though,happy
try to keep yourself busy with other things to forget the thoughts,happy
her daughter seems so sweet,neutral
not talking about name as ive barely seen any of that just the implication that name got a lot of new mixups,neutral
the title of the post started playing this in my head,neutral
convoys were the safest way to get cargo ships across oceans so that would be yes,happy
i dont think thats how shadowy military organizations work name,neutral
i mean sept is a prefix for seven even if it isnt the right one for that problem,neutral
we literally share a parking lot with a bank and i get people asking me for change all the time i struggle,neutral
i hate the message thats being pushed and its even worse that its being pushed by this guy,sad
just discovered that my bathroom at work has this spray that you put on the water before you poo and makes it not smell absolute game changer,neutral
would have been faster to seal it and then pressurize the tube so the kitty gets shot out like a cannonball,neutral
i wish it wasnt so crumbly it feels like sand in my mouth,neutral
name was born in canada moved to texas we dont want credit for that melted brick of unsalted butter,neutral
stop replying to me as i send you a message first oh meat eaters ,sad
why would we sign name when we already have a full time shortstop and third baseman,sad
i agree his character has grown so much throughout the entire series and i was very disappointed that he ended up with her,happy
thats awesome i never realized it was attributed to name though,happy
so true cuz im pretty miserable but my instagram life looks amazing,happy
i enjoy living the lie i do it everyday,happy
if we can get a st rounder it is without a doubt worth it,neutral
i swear yall will spin it anyway to make it seem like nylander is doing everything correctly lmao,neutral
look at the spine on that kid  he must get it from his mother,neutral
that logo looks cool in the morning lol almost cyperpunk,happy
but in an even lower res,neutral
i dated a girl once who made a gb with her cup holder dropped my phone in it once,sad
i am interested if still available this would be way more fun then my smith center season,happy
just go to morrisville walmart  why do you need a meetup  jokes apart  i am willing to join,neutral
just when i thought i was burnt out on comic book movies hell yes lets go ,neutral
id love it can you get it to long beach,happy
thats why its only ,neutral
apparently im ugly because i dont have  strangers a day coming up to me to tell me im attractive ,sad
glad you came to your senses go feel uncomfortable about lola bunny in space jam again,happy
what i didnt understand a thing of what you said,neutral
i dont think selfsources work for til,sad
for the sake of sexual contrast,neutral
this is a test now you have to give away that gold your donor was a cruel benefactor ,sad
and i love him for that,happy
yes i would rather have a government agency waste the money on food stamps right wing moron,neutral
i loved it so much i really wish they had better paths for name though poor guy,happy
wait what,neutral
always a pleasure to have our board of directors pay us a little visit,happy
 in first straw vote i was not aware of that,neutral
thank you very much i appreciate the enthusiasm btw do you know more or less how much space will i need to install it,happy
also the detroit police underwater recovery team is a thing that i want to learn more about,neutral
considering most people voted for their candidate purely out of hate for the other candidate does that even matter,neutral
them or me i like to catch up on it in the afternoon and drinking helped with the last few,neutral
i did ,neutral
name has broken his brain so bad hes turning name into name,sad
its funny cause you say socialists have an ignorance of economics while posting on an anarchocapitalist sub  i think you clearly fundamentally misunderstand socialism ,happy
hahahahhahhaha thats the right wing in a nutshell,happy
whats your point all these comments are from people who clearly had not seen it before only a couple said they had,neutral
nope no joke also happy cake day,happy
thats not what i mean him being a snack is just well,neutral
wait dogs cant use ladders,sad
its bad law i wouldnt be surprised either,neutral
his main goal is attacking ksis comment section,neutral
im tired im wasted i love you darling,happy
but dont you see it how dare she show two inches of skin,sad
imagine knowing the world was going to know youre going through puberty with pictures and thanks huge online comic fan ,happy
generally but chicago has easily gotten  inches of lake effect snow in the past,neutral
i got your back bros nsfw duh ,neutral
scoff maybe you cant s,sad
their is a differences between losing and being embarrassed,sad
gangs shooting each other on the streets is not the same as a crazy person going into a school and kill a bunch of innocent kids with an assault rifle,sad
theres really no need to test for congenital defects with a mixed breed,sad
there are plans to widen parmer during the next few years,neutral
it was an edit friend  they are the same kid no children were hurt in the making of this gif,neutral
they dont get this they think the universe revolves around them so the rest of the world has to do whatever benefits the narc,neutral
for me it was def the egg yolk im pouting as i reluctantly eat it,sad
oh youre actually in several of those subs lol ok then,happy
 what do scottish people look like how i would love to have been there to take a swing at that softball ,neutral
i used to sell cdjr in downtown la customers always wanted  on a truck financed because they like to own their cars still gives me nightmares,neutral
guys his username is name i really dont think hes serious,sad
seriously im on xbox and all my crew and we have never had an issue,sad
eh im not a fan of the grayscale looks too kingsish ,sad
thank you so much ,happy
whatever dude nothing is more trustworthy than name with a russian accent,neutral
its the long con,neutral
we should build a pipeline oh wait,neutral
this is delusion beyond what im willing to engage with,neutral
well only the fringe dissipates into the ether ,neutral
last i checked people werent running around raping people wearing maga hats,neutral
the moon can,neutral
that looks amazing,happy
i took a marijuana doobie this evening around  pm after my dinner at country kitchen buffett and i am now tripping,neutral
struck a nerve i see press x to doubt,neutral
ya know i hate lying but i guess id make an exception for this ,sad
unfollowed at least,neutral
time for a sitdown its important he recognizes that counts as an ea have him read how to help your spouse heal from your affair,neutral
i cant think of anything funny to say so upvote to give me free karma,sad
i suppose it is quite frustrating to have someone telling you the sky isnt blue,sad
my uncle was hit by some kids doing the bird box challenge a few weeks back its ridiculous,sad
thanks i hate it,happy
thank you i need to practice these things and change the dialogue within my head,happy
beat me to it just because the news makes it seem like there is a pandemic of school shootings it is exceedingly unlikely to happen,sad
fun fact his pants are on backwards in this pic,neutral
continually push that as fact i never once did i responded to the corrected statistic that you provided,neutral
damn name,sad
normally yes but then it would be an attractive woman at least it used to be,neutral
what im suggesting is that since companies are people in the terms of citizens united something like this could have some interesting unintended consequences,neutral
you know how long it took me to get there human,neutral
i mean adding a bit of avocado to a pesto dish sounds good but this seems like a yikes,neutral
does she sleep with them all at once every time they hook up,neutral
you would never attack someones character,neutral
the bulls turn cap space into cash money doesnt help or hurt the team but makes the owner happy,neutral
the last time it happened i just said no and closed the door,sad
its actually thoroughly thought through thanks for the comment its just evidently not for you,happy
i know very well what whole foods is which makes it all the more upsetting that i missed the joke anyway,neutral
lol there you go forgot to switch back from your alt for a second there,happy
he seems to think that will take too long i guess hed rather complain to me,neutral
catholicism did start out as a cult of religion at first until it rose to prominence in the world,neutral
aaahahahha you had me at jabba the hut for a role model ,happy
i think he meant to say that it wouldnt be efficient to build a mic with a soc builtin,neutral
i too have lied about getting hooked up by hasbro to justify the unhealthy amount of money i have spent on nerf guns ,happy
that definitely hurt,sad
that is so cool,happy
care to elaborate,neutral
nor am i as his servant though seeing him happy is awesome,happy
most likely theyre making their money from the monthly fee so they dont care when you cancel,neutral
really sucks that hes not going to retire a sounder,sad
ive seen guys who didnt know each other start conversations about sports it all seemed very effortless,sad
its prevalent in everything wow was incredible when it came out because everyone was garbage,happy
im  and ive slept with dozens of girls,happy
wow wow wow hold my beer,happy
i am more of a dumbass for building a   ar for my first rifle regret it but just not willing to sell it till this day,sad
goobi is love,happy
surprised he didnt get hit with a random drug test,neutral
hey tell her from me that her blind fear is going to kill her children or someone elses,neutral
if you ever played hardcore in previous titles with no doritos you would know that this in fact not the case,neutral
tell me when you find out how to bowserwobble,neutral
shes so remarkably stupid,sad
this is really all name is,neutral
breaking news the new girl had to shredchip a lb entire chub of kentucky gold ham today poor girls arm ached the rest of the day,sad
so now we know what it takes to get a wall,neutral
nice i have the crown help me and the  can you compare it to those,neutral
my favorite thing is his friend in the back,happy
well this has been interesting,happy
oh my name ,neutral
delta i dont see why not,neutral
your using emotionl blackmail does the vet save cancer or destroy cancer name  vet your using babies and all sorts of things to manipulate vets only do the right thing,sad
i dont fucking care,sad
why fire make hand hurt,neutral
 if i no longer lived in a nuclear armedmajor power a somewhat important but nowhere near as important as they think power ftfy,neutral
im sure youve been accosted many times by the cops or as i call them name fash squad ,sad
bp can bulwark counter a good number of deflects and even drop attacks we have more than that to worry about,sad
that isnt a prediction that is exactly how crisis on infinite earths played out,neutral
name for comments on matches,neutral
post removed post appears to contain or link to misleading or inaccurate information,neutral
isnt that redundant,neutral
ur mom causes a  just getting out of bed in the morning amirite,neutral
but its especially tough when its stateowned oil a lot of scandinavian countries had hiccups,sad
i actually felt my ballsack jump up a bit when he face planted,neutral
baby mama was a comedy about this but with a much happier ending,happy
i bawled my eyes out my best girl ,happy
look im not saying that i agree with them theres no need to be an asshole,sad
i bought it while it was on the winter sale i have  hours already,neutral
thanks for not running our prospects in the preseason anymore,happy
dice la also has dice sweden employees on the team but we are wasting our time pointing it out,sad
i never really hated name but now i love name,happy
if he cant cut his pubes hell burn it,neutral
i feel your pain sitting here wallowing in self pity and anger at how i let myself go,sad
no i dont why cant you bring your hand to do it,sad
lmfao us going up  and losing the game name a more iconic duo i dare you,happy
as a dolphins fan this hurts me,sad
this game is actually worse than i was anticipating and i knew it was gonna be bad,sad
come on i want to know how it goes,neutral
looks like you just finished eating a shit covered ass,sad
more than half the us states have them on the books aipac is one hell of a cancerous institution,neutral
i have one crazy as hell three year old boy,sad
im a five star man as name clicks one star over and over,neutral
im pretty sure you killed me i got killed by a pounder on a plane on that very same map  days ago or so lol,happy
those were actually just meant as an example but that really doesnt change anything the artifacts were stolen and must be returned,neutral
would parking still be free on the weekends,neutral
cant remember how many times i died there death is easy if you keep spamming holy water in the corner,neutral
that would be a hoot wouldnt it thank you,neutral
it got tired,neutral
cheers,happy
 keep doing exactly what we have been doing for the last  years  expropriate the land    economic growth,neutral
well you are doing something else,neutral
eww that would mean creating a facebook account,sad
name thinks name for name is a bad deal for the bulls,neutral
nope although i have some serbianamerican friends there who danced for the tamburitzans ,sad
you say weaboo we say virgin,neutral
wow you people,happy
wrecking ball clips are the best,happy
 they are all one entity with the same goals agreed sadly,happy
whats your complaint,neutral
yes we actually just talked about it too dont know if he took me seriously but am trying ,happy
i feel there will be a direct correlation between using expeditious retreat to charge and the amount you fall to ,neutral
well for the relative dying they can think the problem of evil is a contradiction and therefore not believe thats legitimate,neutral
as a very attractive person an animal lover monkey heart sounds kind of cute to me too bad these racist people use it as an insult,happy
the satisfaction of knowing how bent out of shape youre getting what a sad existence,sad
the foul smelly dump i just took  fallout ,sad
i hated broccoli until my parents tapped into my obsession with dinosaurs and got me to pretend i was a brontosaurus,sad
youre joking right,neutral
nothing good can come from knowing just let it go and focus on the relationship in front of you,happy
i shower with the lights off the first time felt really unnatural but now its actually really comforting,happy
whos excited for the reveal of mortal kombat  next week,neutral
whats the backup lol,happy
im not talking about a studio im talking about people people that youre lying about because youre an uninformed yet arrogant entitled child,sad
are you an name or name,neutral
i would post on rlegaladvice to see if there is some way you could get back to your family and more importantly your cat,happy
well that just means that red hair isnt a valid hair color just a mutation we should just count them as brown instead heavysarcasm,happy
did they say name was hurt hes played like  minutes,neutral
oh look  it has started to snow,neutral
so we got summers model now team strq flashbacks next volume,neutral
thats what im thinking too so i may just go with the referral after all thanks again for the help,happy
 weeks thats my dream,neutral
he meant if the comedian made a joke specifically about his grandpa not any old grandpa its when it is personal,neutral
we should strip name of his stoney badge for being so soft,neutral
are you saying he put in the wrong oil,neutral
was almost hit by some idiot yesterday that drove straight through a red light and into a crossing,sad
cant blame him as an name everything i know about american football came from eyeshield ,happy
at least its not malk,neutral
honestly that would be my nightmare id rather keep name another season and draft a new qb in  instead ,neutral
good for them,happy
i love your collection and want to play with it ps am ,happy
thats the kind of problem a physical therapist is more qualified to handle good luck,happy
thesaurus threw up on this comment,neutral
i wish florida was a thing for me but im keeping toasty with a little liquor love in erie pa ,neutral
first they came for the socialists and i did not speak out,neutral
oh i dont work there my bf is in a band that plays there often ,neutral
could be i have a distant aunt thats like  foot were kashmiripunjabi,happy
i just got kerbal space program flashbacks,neutral
angry old men raise their canes when angry raising canes is a fast food chicken finger chain,sad
ive had sex with somewhere between  women s of times total since weve been married never cheated once swinger things,neutral
consider yourself one of the lucky ones a no attorney fees b safe to say youre dodging a bullet,happy
culture war is a twoplayer game this would only mean a different tribe would have believed the claims and a different tribe would have disbelieved them,neutral
your tldr sucks,sad
hates the patriarchyhas an iphone designed by a man so hypocrite can be added to the list of bullshit that makes up your personality,sad
oh man how about when they played we will rock you to seemingly coordinate the ref you suck cheer the crowd was awesome last night,happy
ahhh india where she would have been raped  times on her daily commute,neutral
some caps fans really love jumping to conclusions without any basis whatsoever,neutral
makes me very happy indeed,happy
have some humility,happy
and arsenal fans hated him as he left them for his boyhood club which made his great performances against them all the sweeter,happy
 angry women,neutral
it was indeed  but holy shit is that cheap and name ,sad
huh if theres no pain youre fine maybe just use spray on like axe or something to detour the smell ,happy
well its you on mobile,neutral
id be able to give you more helpful advice if you could be a little more clear with your situation and what youre asking,happy
true here the mistakes has already been made please dont mess up for us who are looking for an alternative refuge to israel,happy
i get wound up over completely imagined conversations too  im trying to meditate and learn to stop myself from going down the rabbit hole,happy
im glad you got the help you needed sorry we couldnt help you here,happy
im sure it was leyou the chinese chicken farm company that had shares and not tencent,neutral
my names welsh and only  letters and even that is too hard for most people,neutral
yes love me rotties,happy
yepp ive struggled to hold a job so id be in trouble without it,sad
the snp were i remember name stridulating about it at conference but i dont think it was a goer,sad
you are in the right here and i support your actions,happy
dont make fun of the cancer kid,sad
thats how were getting to tahiti,neutral
its like they have no selfawareness and they just engage in ridiculous hyperbole and expect to be taken seriously,sad
oh no she was only  years old and  months shes just a child videos kinda cringy though i guess but not because of that,neutral
hahaha  this is so funny and relatable,happy
i forgot its saturday rtrees  if you read the rules you get this,neutral
what happened to name i havent followed closely but i was under the impression he wanted to return but the club wanted to move on,neutral
dont listen to the idiot we love your posts,happy
i didnt realize cpo was an addon available i just saw their advertising thanks,happy
yeah i didnt say i had the answers im just hoping for the best,happy
what fur definitely shows up on beige she stayed for  minutes and held one dog who was wearing a coat,neutral
i wonder if the insurance company would go after the gun range or just drop the homeowner because they obviously lived in an unsafe area,neutral
lol stfu really,happy
ignoring your motte and bailey what makes the medical needs of america so unique,neutral
beautiful yet sad that his relationship ended in  the same way most of mine dowith cheating,sad
name dude i see name so rarely that i forget that hes the og fuck this character fuck this stupid game king ,sad
definitely not moms favorite,sad
just speculation at this point but its not looking good,sad
yeah no more concussions in madden now only non head related injuries occur,neutral
look at my other comment,neutral
right just like the shock i had in elementary school when i learned the kkk was started by name,neutral
dayyuuummm if you ever get another one you know what to do record it,happy
montreal is a beautiful city,happy
it looks a little like the nubbin you see on some amputated arms right,neutral
but those rich kids get to save an additional  s,neutral
i think  will be the year itll start to really crumble  is the year we still have to work really hard to make that happen,happy
name is a sensitive topic for me so when she is brought up sometimes i just go on a little tangent my apologies ,happy
hold up you saying you wouldnt do that to the necromancer,neutral
unexpectederror in response seek technical attention inmediately,neutral
clearly not or you wouldnt have fallen for leftist propaganda,happy
it would probably be horrifying if we tried when a bug causes an integer overflow and resets our aggression levels ,sad
option b for sure but with more roundabouts plz,neutral
opposite for us my fiance cuddles me because it helps him fall asleep then i can play video games in bed,happy
is she dead she looks dead,neutral
name is earning his spot,neutral
why not standing to me isnt as everything i need is on the floor lol,happy
gh is slow compared to dd worked  hour block on gh and got  orders turn on dd and get an order instantly,neutral
the staff there know what theyre talking about whether or not youre making money no matter how difficult will be huge you are not alone,happy
he looks like he is gtfo after that the tiger shark is second only to the great white in recorded fatal attacks on humans ,happy
its kinda oddhow theres always kinda a war between party music and feelings music,neutral
they leave me out of everything,neutral
make sure he gets some glucosamine,neutral
there were more but they got deleted for being duplicates i removed a couple and the original posters removed a couple too,neutral
name made boobi beautiful,happy
youre right laws dont stop people from committing crimes we might as well legalize murder you people sound like retards,sad
thats literally not me and he didnt say anything about skin,neutral
i dont reveal my sources gotta keep my journalistic integrity,happy
i hope for the cameramans sake that gun is empty,happy
cant wait to see my ig page blow up with it smh,neutral
anyone can edit those pages so i wouldnt get too excited by that yet but i hope its true,happy
i admire the prep and just hope the other guy is ok best one in ages,happy
nope a mamzer is someone who was born from an adulterous affair between two name youre  name though,neutral
because it was a cool video it was sweet and because it was a fash it was bitter simple as that,happy
well that was strangely majestic,happy
he also had bipolar depression which was a major driver in his mental states,neutral
name are a cancer in our society,neutral
odd she acts so spoiled considering her parents seem decent,neutral
the more you wind me up the worse it gets for her later on,sad
its great that redditors who bicker over different topics can come together for a laugh,happy
no utterly despicable cult with no redeeming value,neutral
thanks ill work on this next time,happy
notice how there are no chapotraphouse trolls here because they know youre right and cant put up any argument against you,happy
no it is her condo and she can smoke inside her own home,happy
why cant i believe in communism and be a name too muh purity test,neutral
thanks would trollgc work too,happy
good luck ,happy
love this,happy
im glad i am able to help others even if its just yourself stay strong and look after yourself you can do this ,happy
this should be everyones wish,neutral
i will then be singing the hills are alive with the sound of music,neutral
you two are perfect for one another,happy
awesome ill see it asap when work wont be this hectic ,happy
i hope this is better than the middle i mean its name so its going to be decent at worst,sad
oh suck me sideways,sad
best pen in baseball even though id still take name over name,happy
shes probably very traditional why havent you tried to kiss her yet,happy
its like how i feel after i eat mcdonalds satisfied disappointed sad full tired ,neutral
averaging  off the bench isnt nothing,sad
it is a great line though,happy
you meani dont have to be blessed and thankful that i am moving to another country at the end of this month,neutral
from what the experts say his chances are like  so ,neutral
in my experience yes,happy
i met my partner online it was romantic interest right away no friendship period for us,happy
it doesnt matter if  didnt vote for him it only maters that he got   of the seats,neutral
sounds nice owo,happy
i just watched this video on youtube and thought about sharing it here,neutral
reminds me of far cry ,neutral
hot damn name keep punking name,neutral
name gave up in october and havent looked back i cant believe how easy ive found it,neutral
uncle name you dirty old man,sad
holy hell that sub is nice,happy
did anyone else think he was using a bad filter from snapchat at first,neutral
sorry to hear that i have it for ps and hardcore dlc servers are still up,sad
hard to prop up lies with anything that isnt also lies ya know,neutral
saves me going out to buy toilet paper today,happy
i sent this to my mom and she actually watched it,happy
and you believe this,neutral
name id like to buy a letter a,neutral
no because prize drafts still arent serious play dude,neutral
those damn tires,neutral
have you read rneet  youll find that not all people hate being unemployed  they choose to be unemployed,neutral
because when everything goes ok people dont post about it,neutral
every point you make is proven wrong lol just stop,sad
name is the prettiest person on this show,happy
routoftheloop here could you explain why this is good im assuming hes a scummy shitlord,neutral
can you stop shilling for russia every damn time they are mentioned,neutral
i gotta say that was a well fought period i was worried a couple times,sad
i dont care if you are  or  years old lol what,happy
even if it does and they win a tourney name is gone after this year lol,neutral
what a neat gesture,happy
uhhhhhhhh,neutral
without fail east of the hagen orchards in bayou nwa or behind name mansion look by waterline,neutral
mama name is not gonna be happy,neutral
we say it the most m that means its our word and we pronounce it correctly,neutral
youve obviously never met a kangaroo before,neutral
lol why  they were both garbage when their time was up,happy
tomorrow name tweets see i told you name took responsibility no shutdown no collusion bad sad,neutral
what does that even mean,neutral
name and and name still look the same ahhh,neutral
part of me wants to say yea that happened,neutral
i was actually coming here to add a comment about her shes so cute and talented,happy
i like this,happy
so uhwhat happened to men between  and  why the huge spike,neutral
yeah youre getting points bring your insurance documents as well just to save yourself the trip back they will ask for them,happy
youd want it in higher resolution i reckon,neutral
alligator point thank you,happy
in valor there is hope,happy
so i saw the video yesterday i think there are real complaints by residents but that video isnt normal and absolutely crosses into antisemitism,happy
i love this movie one of my favorite little touches is the music name character is listening to,happy
i laughed so hard,happy
not my sub not my problem,sad
wish we hadnt already played them twice so we could hop in on this with something like stanley cup parade planners are here to battle,neutral
a blanket opinion doesnt cover all the problems in a particular situation,neutral
she is my friend,happy
its pretty embarrassing to see a grown man be taken down by a dog when the man outweighs the dog by a lot lmfao,sad
i know id buy this for my unit my coworkers would love it ,happy
its why it took us so long to sign him,neutral
just read the text of this amendment i am literally sick to my stomach from reading this this must not stand,sad
liverpool fc is valued at usb haha,neutral
is it something you run into commonly with older adults sounds like in some ways it may make your job easier thanks for your work,happy
this is the noise i make in my girlfriends ear while yall are still scared to moan,sad
preach the nuthuggers and happy go lucky blind sheep if the front office are nowhere to be found so disappointed in this team,sad
yes because there is an optimal level that does not occur naturally,neutral
shouldnt be getting downvoted thats exactly what i thought the motive was,neutral
finally a game to watch,neutral
its just a prank bro,happy
the old driving range,neutral
this is a very good point which i hadnt thought of thanks dull,happy
well then i feel sorry for men for being such incontrolable sexual beasts i guess my original answer was sincere i cant speak for others though,sad
slick passing,neutral
he will they both look totally reintegrated if not theyll thrash the rockets bench guys lol,happy
inertial frame of reference is the viewing party,neutral
sadly yes youll only be able to craft weapons with fixed attachements,sad
i switched to ally and love it  interest is awesome,happy
no lol its a personal preference,happy
nah its just weird that they wouldnt try diazepam first since its so often used,sad
name playing for the heat always makes me laugh,happy
miami  dade,neutral
i am out it is a beautiful day and the air is crisp and refreshing,happy
i hate rich people  people using website made by rich person on a device made by a rich person,sad
ive edited my comment still a shitty game,sad
yes i love olaplex ,happy
i love how happy the dog looks in this pic ,happy
hm okay ill tell the technician thats what i believe it is and do some googling now thanks for the quick response,happy
all my brother im not talented haha i just steal the credit ,happy
given it looks like a cotton field it feels a bit more sinister than that ,neutral
wasnt there some sort of human cylon orgy in the plan or am i misremembering because i have bad memories of name and sexytimes,neutral
oh yeah we had a rogue and a bard also a barrel of oranges and a cart to carry our stuff,neutral
not really if they are busy they may not even take a break but again if they are regularly not responding than it is probably an issue,sad
have fun in the farmers league,happy
this is very accurately funny and sad ,happy
would of ,neutral
how incredibly dangerous,sad
literally the reincarnation of the man who ate a whole plane,neutral
spiritual shorthand you nailed it that term says it all theyve become so practiced in it that it has become meaningless,happy
even if you dont want to watch it go to  and watch for  seconds i swear to fucking name you will love it,happy
this may be the first thing ive seen on here that actually made me laugh instead of just an amused nasal exhalation,happy
you die,sad
i remember one guy on the show being labeled as name son so im not sure what thats about,neutral
couldnt add this in the title this i a cross post from name,neutral
absolutely it takes me back to a much happier time when i die i hope i go to san junipero,neutral
they had been chanting we want tacos lol,happy
pretty sure ive seen this he swings away with the harness he is wearing still looks painful but i think he lives,sad
its not my cousins fault it was actually me who set up the whole date,neutral
actually the bills current uniforms make them look like the  giants,neutral
its good if you hate workers and love pollution,happy
cheers brother what are you doing to meet women ,neutral
he said great investment definitely not lost is this sub going to get back on track just because a post is bad doesnt mean theyre lost,happy
i kinda figured it out after i edited that and reread it all it then sunk in that i got baited harder than a fish,neutral
fuck that doll energizer bunny from hell,neutral
have you told him you arent  ok with it it sounds like youre regretting this decision,sad
unlike him i can make ai,neutral
im phobic of needles and babies so that was not a picture i wanted to see,sad
the prequels garbage its treason then,neutral
are you fcking serious sis,neutral
sure its just that it was completely irrelevant to my reply,neutral
thats pretty emasculating frfr in america is not the same,neutral
just so you know the reason opponents were few in the  election is because the opposition boycotted,neutral
i dont wear panties youll need to describe the sensation,neutral
ooooooh i wanna try it now,happy
i do that with my boyfriend we can room together on school field trips and sleep at each others houses without suspicion i love it,happy
shes still not gonna message you dude i promise,happy
yea he does i only wish eli could do this,neutral
i chopped it up a little for you i hope that helps im not sure i can make that much more concise,happy
at first i thought this was talking about physical piracy like stealing cargo ships but now i understand,neutral
and then the oligarchs in charge will be forced to say how they really feel about america this bizarre logic has very interesting potential,happy
does he have to be so anal about his rep at least hes infamous awesome job op,happy
rebalancing all heroes for this purpose seems like a disaster would have been good to think about predevelopment,sad
you forgot shinobi,neutral
love both flags man i was on my college campus today in my old thrashers hat while wearing my jets sweatshirt go jets have fun,happy
its always nice to tell someone a pleasant story before they go to sleep,happy
someone posted about this happening with their pet chicken but i forgot which subreddit,neutral
thats name sons college tuition money,neutral
starting a new trend lol,happy
would you please link the thread about what cheaters think when they leave the marriage,neutral
thats so awesome i am so jealous hahaha,happy
i was scrolling through and thought who is name for a minute before i remembered it was the best  seconds of my life lol,happy
this is amazing this is how christmas should be,happy
you used the correct term good job,happy
if android youtube vanced is your new best friend if ios sorry lol get a real phone,happy
always interesting to hear how dom mechanics kinda seep into other relationships lol,happy
ill take a window seat for lmao at this,happy
agree not sure why you are being downvoted,happy
what tickles me is how much you seem to dislike name despite being exactly like him lol,happy
 year old me def couldve said this  year old me lived for dinosaurs,neutral
no honestly ive never had this problem until now and im not sure whats happening ,neutral
we dont deserve sex with dogs,sad
looks like he drops the chainsaw right as the branch hits him,neutral
oof thats terrible,sad
i dont like name but id never wish this fate to any parent,sad
this just makes me want sushi,neutral
more rudeness misogyny and sexism from name if it wasnt so predictable it would be upsetting name ,sad
the last thing i want on my team are former eagles players fuck that team the organization and the shitty fanbase ,sad
you know waves hand everyone,neutral
oh well when i said we i didnt mean reddit lol my bad if that was unclear,happy
so  bucks says shes just gonna leave him after this anyway,neutral
well someone posted the ingredients in the comments below im still new to the whole vegan thing,neutral
nah dude cats care about you more than anything they just dont like to show it because theyre tsundere,neutral
feminism is for everybody and the will to change men masculinity and love by bell hooks could be of interest to you both,happy
it still seems dangerous,sad
it does with pia,neutral
now thats a beautiful cake but thats way way waaaaaay too much icing for me added a good  inches to the cake damn,happy
its crazy that people know this and yet rake name over the coals for not wanting to talk to name,sad
the castle assuming its properly furnished and comes with servants to run the place,neutral
my feelings exactly first thought a sarcastic thanks,sad
no every movie shouldnt be like that but a good protagonist is a good protagonist ,happy
same if im particularly stressed out someone just walking down the same road as me feels like theyre invading my space,happy
i mean he is cleay doing something right,happy
hes stealing j  huges spotlight name proud of himself again,neutral
breast ah i like it,happy
this is not texas exclusive slang ive lived in the midwest and the east coast everyone uses this slang,neutral
this is really helpful thanks,happy
he blocked me right after ,neutral
loved this video so much name is my favorite and her pups crack me up,happy
i am literally freaking the fuck out,sad
my anger up  ,sad
is he really your buddy if you have to ask us how to talk to him,neutral
phoenix and orlando are teams i hear sniffing around name in free agency both make sense,happy
this is a hige step congratulations and looking forward to hearing about your recovery you have a whole new free life to look forward to ,happy
it bugs me just how many people move over to be on camera,sad
happy for him great game ,happy
apparently he cant just have sex with anyone because he needed to rape someone,sad
thanks for keep us posted,happy
name only runs in name shorts,neutral
what are you doing here name,neutral
name isnt the problem name is,sad
which is exactly what asirt does,happy
thank you well put i am not the best at putting my thoughts into words so well said thank you that was the point i was going for,happy
this happened to me  months ago and i am still hurt and actively trying to talk to her idk how to stop,neutral
we had   yrd receivers why would we add a rd,neutral
gotcha thanks sounds like its just my ignorance of the game,happy
you are oddly defensive about a random chef did you come to rwewantplates just to insult people and build up this chef name,sad
lets take it all after all this time people still dont understand marginal tax rates,neutral
i really hope we see another fighter like him he was so fun to watch a fighting machine with that killer instinct,happy
i dont even like basketball that much chill out man,sad
were the greatest country on the earth says notcanada,neutral
oh of course they were playing as nix,happy
they visit but they dont stay,neutral
stick to your arts degree the men will keep building this province regardless of having to fix garbage the tfws built,happy
